{
    "first_name": {
        "ui:autofocus": true,
        "ui:emptyValue": "",
        "ui:placeholder": "ui:emptyValue causes this field to always be valid despite being required",
        "ui:autocomplete": "family-name",
        "ui:enableMarkdownInDescription": true,
        "ui:description": "Make text **bold** or *italic*. Take a look at other options [here](https://markdown-to-jsx.quantizor.dev/)."
    },
    "last_name": {
        "ui:autocomplete": "given-name",
        "ui:enableMarkdownInDescription": true,
        "ui:description": "Make things **bold** or *italic*. Embed snippets of `code`. <small>And this is a small texts.</small> "
    }
}