{
  "name": {
    "ui:options": {
      "enableMarkdownInDescription": true
    }
  },
  "days": {
    "ui:options": {
      "label": true,
      "copyable": true,
      "classNames": "lined"
    },
    "items": {
      "ui:options": {
        "label": false
      },
      "openingHours": {
        "ui:options": {
          "label": false,
          "classNames": "striped"
        },
        "items": {
          "ui:options": {
            "classNames": "direction-horizontal",
            "label": false
          },
          "note": {
            "ui:options": {
              "enableMarkdownInDescription": true
            }
          }
        }
      }
    }
  }
}
